{
    "loss": 12.70908260345459,
    "accuracy": 0.5179855823516846
}